<?xml version="1.0" encoding="utf-8"?>
<?xml-stylesheet type="text/xsl" href="nutrition.xsl"?>
<!--Marking up documents-->
<whitescookie>
<productname>Grandma White's Cookies</productname>
<serving>1 package</serving>
<calories>260 calories</calories>
<fatcals>100 fat calories</fatcals>
<fat>11 g of fat</fat>
<saturatedfat>2 g of saturated fat</saturatedfat>
<cholesterol>5 mg of cholesterol</cholesterol>
<sodium>210 mg of sodium</sodium>
<carbohydrates>36 g of carbs</carbohydrates>
<fiber>2 g of fiber</fiber>
<sugar>15 g of sugar</sugar>
<protein>5 g of protein</protein>
</whitescookie>