<?xml version="1.0" encoding="UTF-8" ?>
<?xml-stylesheet type="text/xsl" href="Nutrition.xsl"?>
<product name = "Grandma White&apos;s Cookies">
<servingsize>1 package</servingsize>

<calories>
<total>260 Calories</total>
<fat>100 Calories</fat>
</calories>

<fat>
<total>11 grams</total>
<saturated>2 grams</saturated>
</fat>

<cholesterol>5 milligrams</cholesterol>
<sodium>210 milligrams</sodium>

<carbohydrates>
<total>36 grams</total>
<fiber>2 grams</fiber>
<sugars>15 grams</sugars>
</carbohydrates>

<protein>5 grams</protein>
</product>